id,stretch,stress,rate
10,1,0,0.05
10,1.01,2455.774,0.05
10,1.02,4455.917801,0.05
10,1.03,6820.574889,0.05
10,1.04,8899.198605,0.05
10,1.05,10539.80492,0.05
10,1.06,12226.46825,0.05
10,1.07,13733.43494,0.05
10,1.08,14954.88478,0.05
10,1.09,16231.82539,0.05
10,1.1,17322.38402,0.05
10,1.11,18469.18292,0.05
10,1.12,19440.1932,0.05
10,1.13,20414.52565,0.05
10,1.14,21267.36459,0.05
10,1.15,22158.91733,0.05
10,1.16,22983.48894,0.05
10,1.17,23712.05457,0.05
10,1.18,24559.90329,0.05
10,1.19,25215.33028,0.05
10,1.2,26056.70115,0.05
10,1.21,26731.4591,0.05
10,1.22,27409.93725,0.05
10,1.23,28139.4855,0.05
10,1.24,28828.06958,0.05
10,1.25,29419.99536,0.05
10,1.26,30189.84791,0.05
10,1.27,30709.81025,0.05
10,1.28,31420.19365,0.05
10,1.29,32033.03642,0.05
10,1.3,32576.37843,0.05
10,1.31,33198.70032,0.05
10,1.32,33840.02554,0.05
10,1.33,34308.45168,0.05
10,1.34,34948.86067,0.05
10,1.35,35370.39598,0.05
10,1.36,35971.50414,0.05
10,1.37,36333.57352,0.05
10,1.38,36877.9309,0.05
10,1.39,37329.55342,0.05
10,1.4,37776.98993,0.05
10,1.41,38136.52786,0.05
10,1.42,38476.74254,0.05
10,1.43,38848.08033,0.05
10,1.44,39257.03427,0.05
10,1.45,39611.0383,0.05
10,1.46,40049.31896,0.05
10,1.47,40446.41125,0.05
10,1.48,40814.09229,0.05
10,1.49,41173.15088,0.05
10,1.48,39297.80749,0.05
10,1.47,37576.75598,0.05
10,1.46,36558.55957,0.05
10,1.45,35145.65346,0.05
10,1.44,33807.88838,0.05
10,1.43,32570.33101,0.05
10,1.42,31346.28384,0.05
10,1.41,30182.65532,0.05
10,1.4,29026.36303,0.05
10,1.39,27848.00643,0.05
10,1.38,26665.03469,0.05
10,1.37,25556.95445,0.05
10,1.36,24649.48866,0.05
10,1.35,23556.9029,0.05
10,1.34,22487.65754,0.05
10,1.33,21384.13201,0.05
10,1.32,20413.90537,0.05
10,1.31,19502.89156,0.05
10,1.3,18495.78289,0.05
10,1.29,17544.12032,0.05
10,1.28,16522.81353,0.05
10,1.27,15632.22493,0.05
10,1.26,14679.80476,0.05
10,1.25,13753.79957,0.05
10,1.24,12709.56715,0.05
10,1.23,11740.27563,0.05
10,1.22,10802.17465,0.05
10,1.21,9809.067521,0.05
10,1.2,8829.016606,0.05
10,1.19,7797.126575,0.05
10,1.18,6886.796178,0.05
10,1.17,5797.037619,0.05
10,1.16,4839.329607,0.05
10,1.15,3665.037998,0.05
10,1.14,2680.059726,0.05
10,1.13,1628.993125,0.05
11,1,0,0.03
11,1.01,2273.220628,0.03
11,1.02,4103.324189,0.03
11,1.03,5826.414953,0.03
11,1.04,7277.415893,0.03
11,1.05,8682.104539,0.03
11,1.06,9951.84133,0.03
11,1.07,11279.87097,0.03
11,1.08,12494.12864,0.03
11,1.09,13642.21409,0.03
11,1.1,14765.72177,0.03
11,1.11,15739.98514,0.03
11,1.12,16688.90517,0.03
11,1.13,17621.17845,0.03
11,1.14,18441.39619,0.03
11,1.15,19332.35899,0.03
11,1.16,20159.64113,0.03
11,1.17,21011.33343,0.03
11,1.18,21789.37511,0.03
11,1.19,22429.27663,0.03
11,1.2,23156.92159,0.03
11,1.21,23861.29065,0.03
11,1.22,24574.76434,0.03
11,1.23,25218.82849,0.03
11,1.24,25858.8288,0.03
11,1.25,26492.36842,0.03
11,1.26,27117.70507,0.03
11,1.27,27750.54626,0.03
11,1.28,28333.2804,0.03
11,1.29,28946.24394,0.03
11,1.3,29565.5539,0.03
11,1.31,30044.76654,0.03
11,1.32,30592.35519,0.03
11,1.33,31080.49867,0.03
11,1.34,31639.45192,0.03
11,1.35,32114.39577,0.03
11,1.36,32618.62152,0.03
11,1.37,33147.8509,0.03
11,1.38,33516.42374,0.03
11,1.39,33911.49908,0.03
11,1.4,34396.36163,0.03
11,1.41,34853.74477,0.03
11,1.42,35235.89681,0.03
11,1.43,35528.86845,0.03
11,1.44,35846.32199,0.03
11,1.45,36322.0411,0.03
11,1.46,36605.18465,0.03
11,1.47,37241.07575,0.03
11,1.48,37443.44475,0.03
11,1.49,37639.3707,0.03
11,1.48,35325.38937,0.03
11,1.47,34062.1111,0.03
11,1.46,32745.02009,0.03
11,1.45,31598.62951,0.03
11,1.44,30321.54008,0.03
11,1.43,29177.12966,0.03
11,1.42,27882.36913,0.03
11,1.41,27007.53877,0.03
11,1.4,25946.97663,0.03
11,1.39,24901.96011,0.03
11,1.38,23896.05068,0.03
11,1.37,22896.46169,0.03
11,1.36,21914.73743,0.03
11,1.35,20921.25732,0.03
11,1.34,20018.18801,0.03
11,1.33,19110.9166,0.03
11,1.32,18214.5833,0.03
11,1.31,17296.35073,0.03
11,1.3,16394.31307,0.03
11,1.29,15487.29223,0.03
11,1.28,14574.06801,0.03
11,1.27,13936.61783,0.03
11,1.26,12902.32778,0.03
11,1.25,12028.72131,0.03
11,1.24,11117.38866,0.03
11,1.23,10379.73641,0.03
11,1.22,9784.231426,0.03
11,1.21,8832.091107,0.03
11,1.2,7638.369731,0.03
11,1.19,6843.752652,0.03
11,1.18,5958.52081,0.03
11,1.17,5155.581303,0.03
11,1.16,4248.720151,0.03
11,1.15,3292.229706,0.03
11,1.14,2458.130432,0.03
11,1.13,1504.938909,0.03
12,1,0,0.01
12,1.01,1314.373792,0.01
12,1.02,2652.4967,0.01
12,1.03,3385.756723,0.01
12,1.04,4392.530284,0.01
12,1.05,5381.029455,0.01
12,1.06,6406.915309,0.01
12,1.07,7374.107055,0.01
12,1.08,8266.244133,0.01
12,1.09,9083.865943,0.01
12,1.1,9973.812939,0.01
12,1.11,10790.24244,0.01
12,1.12,11498.30213,0.01
12,1.13,12205.70763,0.01
12,1.14,12940.87446,0.01
12,1.15,13649.81149,0.01
12,1.16,14305.78117,0.01
12,1.17,15008.37582,0.01
12,1.18,15636.33682,0.01
12,1.19,16259.7798,0.01
12,1.2,16849.52116,0.01
12,1.21,17451.84726,0.01
12,1.22,18025.39934,0.01
12,1.23,18568.49566,0.01
12,1.24,19112.59133,0.01
12,1.25,19633.35126,0.01
12,1.26,20142.18672,0.01
12,1.27,20659.39543,0.01
12,1.28,21155.75584,0.01
12,1.29,21630.45643,0.01
12,1.3,22105.22641,0.01
12,1.31,22539.93324,0.01
12,1.32,23008.78889,0.01
12,1.33,23473.2969,0.01
12,1.34,23936.36225,0.01
12,1.35,23986.37664,0.01
12,1.36,24667.26539,0.01
12,1.37,25310.62974,0.01
12,1.38,25599.60954,0.01
12,1.39,25890.71643,0.01
12,1.4,25941.01668,0.01
12,1.41,26829.69225,0.01
12,1.42,27063.75794,0.01
12,1.43,27320.1789,0.01
12,1.44,27643.87246,0.01
12,1.45,27934.354,0.01
12,1.46,28194.72651,0.01
12,1.47,28431.36352,0.01
12,1.48,28636.89773,0.01
12,1.49,28808.01569,0.01
12,1.48,27534.88772,0.01
12,1.47,26913.06561,0.01
12,1.46,26315.05861,0.01
12,1.45,25618.57149,0.01
12,1.44,24894.03349,0.01
12,1.43,24255.45547,0.01
12,1.42,23582.10669,0.01
12,1.41,22872.0854,0.01
12,1.4,22200.59423,0.01
12,1.39,21518.28841,0.01
12,1.38,20806.17578,0.01
12,1.37,20137.39466,0.01
12,1.36,19460.44125,0.01
12,1.35,18755.80619,0.01
12,1.34,18031.77038,0.01
12,1.33,17290.14396,0.01
12,1.32,16519.45394,0.01
12,1.31,15821.98009,0.01
12,1.3,15056.26342,0.01
12,1.29,14330.96216,0.01
12,1.28,13595.20877,0.01
12,1.27,12873.94381,0.01
12,1.26,12208.44741,0.01
12,1.25,11575.23324,0.01
12,1.24,10740.84693,0.01
12,1.23,10011.40226,0.01
12,1.22,9272.611812,0.01
12,1.21,8405.419277,0.01
12,1.2,7532.446783,0.01
12,1.19,6668.560808,0.01
12,1.18,5799.903186,0.01
12,1.17,4947.963722,0.01
12,1.16,4215.822191,0.01
12,1.15,3470.921119,0.01
12,1.14,2473.327258,0.01
12,1.13,1535.496522,0.01
13,1,0,0.05
13,1.02,3374.064507,0.05
13,1.04,6568.149077,0.05
13,1.06,9303.75947,0.05
13,1.08,12189.48895,0.05
13,1.1,14844.36141,0.05
13,1.12,17527.22294,0.05
13,1.14,19442.30206,0.05
13,1.16,21522.32716,0.05
13,1.18,23260.00848,0.05
13,1.2,24729.48665,0.05
13,1.22,26216.12952,0.05
13,1.24,27558.00677,0.05
13,1.26,28817.02452,0.05
13,1.28,29947.73463,0.05
13,1.3,31111.0452,0.05
13,1.32,32242.74576,0.05
13,1.34,33147.54541,0.05
13,1.36,34054.95084,0.05
13,1.38,35060.5414,0.05
13,1.4,35872.99011,0.05
13,1.42,36751.65814,0.05
13,1.44,37484.2284,0.05
13,1.46,38365.82035,0.05
13,1.48,39152.87006,0.05
13,1.5,39900.40691,0.05
13,1.52,40675.06232,0.05
13,1.54,41412.2934,0.05
13,1.56,42136.66881,0.05
13,1.58,42822.98151,0.05
13,1.6,43444.53602,0.05
13,1.62,44199.45883,0.05
13,1.64,44668.43714,0.05
13,1.66,45369.22854,0.05
13,1.68,45996.2618,0.05
13,1.7,46520.32108,0.05
13,1.72,47003.0354,0.05
13,1.74,47549.74456,0.05
13,1.76,48051.1117,0.05
13,1.78,48473.77608,0.05
13,1.8,48947.53829,0.05
13,1.82,49330.33236,0.05
13,1.84,49747.32341,0.05
13,1.86,50163.68643,0.05
13,1.88,50632.46473,0.05
13,1.9,50977.11597,0.05
13,1.92,51345.99055,0.05
13,1.94,51687.86264,0.05
13,1.96,52142.2725,0.05
13,1.98,52651.11273,0.05
13,1.96,48384.79121,0.05
13,1.94,46599.94853,0.05
13,1.92,45508.63135,0.05
13,1.9,44180.71857,0.05
13,1.88,42487.45786,0.05
13,1.86,40928.49927,0.05
13,1.84,39712.902,0.05
13,1.82,38348.02823,0.05
13,1.8,36978.70675,0.05
13,1.78,35686.94802,0.05
13,1.76,34271.0765,0.05
13,1.74,33056.42178,0.05
13,1.72,31945.31154,0.05
13,1.7,30809.57671,0.05
13,1.68,29686.44804,0.05
13,1.66,28762.5204,0.05
13,1.64,27481.64886,0.05
13,1.62,25986.98646,0.05
13,1.6,24760.25917,0.05
13,1.58,23581.06999,0.05
13,1.56,22540.70486,0.05
13,1.54,20993.31464,0.05
13,1.52,19711.52278,0.05
13,1.5,18394.97535,0.05
13,1.48,17244.47294,0.05
13,1.46,16027.72198,0.05
13,1.44,14750.04717,0.05
13,1.42,13540.23389,0.05
13,1.4,12181.16939,0.05
13,1.38,10842.60007,0.05
13,1.36,9527.775663,0.05
13,1.34,8023.880512,0.05
13,1.32,6604.594142,0.05
13,1.3,5115.455523,0.05
13,1.28,3544.929994,0.05
13,1.26,2058.277072,0.05
13,1.24,571.6241502,0.05
14,1,0,0.03
14,1.02,3307.299237,0.03
14,1.04,6309.365016,0.03
14,1.06,8993.258969,0.03
14,1.08,11507.73882,0.03
14,1.1,13734.11297,0.03
14,1.12,15651.92256,0.03
14,1.14,17352.6939,0.03
14,1.16,18904.43783,0.03
14,1.18,20513.19191,0.03
14,1.2,21837.93102,0.03
14,1.22,23027.91981,0.03
14,1.24,24278.13354,0.03
14,1.26,25403.0818,0.03
14,1.28,26463.895,0.03
14,1.3,27495.50522,0.03
14,1.32,28468.54128,0.03
14,1.34,29380.60502,0.03
14,1.36,30206.73012,0.03
14,1.38,30998.30376,0.03
14,1.4,31832.2535,0.03
14,1.42,32650.5108,0.03
14,1.44,33397.4227,0.03
14,1.46,34136.69307,0.03
14,1.48,34826.15849,0.03
14,1.5,35488.21093,0.03
14,1.52,36158.77195,0.03
14,1.54,36813.24891,0.03
14,1.56,37439.12496,0.03
14,1.58,38058.91786,0.03
14,1.6,38661.24389,0.03
14,1.62,39201.96839,0.03
14,1.64,39701.59192,0.03
14,1.66,40268.16952,0.03
14,1.68,40783.70974,0.03
14,1.7,41247.53385,0.03
14,1.72,41684.37501,0.03
14,1.74,42134.44681,0.03
14,1.76,42516.62663,0.03
14,1.78,42922.26322,0.03
14,1.8,43346.69949,0.03
14,1.82,43783.67488,0.03
14,1.84,44153.83663,0.03
14,1.86,44474.61273,0.03
14,1.88,44767.29704,0.03
14,1.9,44956.72952,0.03
14,1.92,45498.2352,0.03
14,1.94,46287.6372,0.03
14,1.96,46421.87818,0.03
14,1.98,46529.10202,0.03
14,1.96,44298.44773,0.03
14,1.94,42916.87196,0.03
14,1.92,41612.65694,0.03
14,1.9,40277.94293,0.03
14,1.88,39016.54965,0.03
14,1.86,37734.85499,0.03
14,1.84,36501.546,0.03
14,1.82,35232.97068,0.03
14,1.8,33994.01443,0.03
14,1.78,33019.02787,0.03
14,1.76,32133.8308,0.03
14,1.74,30958.88707,0.03
14,1.72,29786.60322,0.03
14,1.7,28745.66421,0.03
14,1.68,27687.40428,0.03
14,1.66,26665.05583,0.03
14,1.64,25583.57034,0.03
14,1.62,24521.6887,0.03
14,1.6,23542.40309,0.03
14,1.58,22685.69653,0.03
14,1.56,21828.02019,0.03
14,1.54,20721.23219,0.03
14,1.52,19542.48684,0.03
14,1.5,18398.51008,0.03
14,1.48,17227.76913,0.03
14,1.46,15999.37464,0.03
14,1.44,14774.52537,0.03
14,1.42,13553.68173,0.03
14,1.4,12261.51265,0.03
14,1.38,10933.56934,0.03
14,1.36,9536.354419,0.03
14,1.34,8236.335656,0.03
14,1.32,7101.793394,0.03
14,1.3,5738.785148,0.03
14,1.28,4302.676853,0.03
14,1.26,2713.767488,0.03
14,1.24,1124.858123,0.03
15,1,0,0.01
15,1.02,2636.681238,0.01
15,1.04,4881.283412,0.01
15,1.06,6416.798216,0.01
15,1.08,7769.800242,0.01
15,1.1,9407.825878,0.01
15,1.12,10970.44119,0.01
15,1.14,12411.8114,0.01
15,1.16,13759.62107,0.01
15,1.18,14903.6344,0.01
15,1.2,16022.98673,0.01
15,1.22,17054.93039,0.01
15,1.24,18014.99123,0.01
15,1.26,18902.98233,0.01
15,1.28,19755.04412,0.01
15,1.3,20552.61898,0.01
15,1.32,21331.08574,0.01
15,1.34,22029.64761,0.01
15,1.36,22710.05002,0.01
15,1.38,23400.92353,0.01
15,1.4,24053.88654,0.01
15,1.42,24650.75402,0.01
15,1.44,25242.85292,0.01
15,1.46,25737.41712,0.01
15,1.48,26276.85623,0.01
15,1.5,26836.81442,0.01
15,1.52,27374.18892,0.01
15,1.54,27850.99846,0.01
15,1.56,28347.12633,0.01
15,1.58,28809.02425,0.01
15,1.6,29279.13164,0.01
15,1.62,29720.75629,0.01
15,1.64,30130.02094,0.01
15,1.66,30549.00781,0.01
15,1.68,30882.15836,0.01
15,1.7,31235.51598,0.01
15,1.72,31774.26263,0.01
15,1.74,32142.96537,0.01
15,1.76,32392.58352,0.01
15,1.78,32943.7734,0.01
15,1.8,33324.01305,0.01
15,1.82,33489.05222,0.01
15,1.84,33763.47528,0.01
15,1.86,34066.21998,0.01
15,1.88,34355.12705,0.01
15,1.9,34661.06293,0.01
15,1.92,34967.41021,0.01
15,1.94,35258.94439,0.01
15,1.96,35426.34249,0.01
15,1.98,35708.12357,0.01
15,1.96,33615.61211,0.01
15,1.94,32605.48251,0.01
15,1.92,31639.24363,0.01
15,1.9,30652.43737,0.01
15,1.88,29796.60036,0.01
15,1.86,28885.61153,0.01
15,1.84,27998.40401,0.01
15,1.82,27103.39976,0.01
15,1.8,26276.19402,0.01
15,1.78,25537.48534,0.01
15,1.76,24700.94014,0.01
15,1.74,23917.44079,0.01
15,1.72,23048.18178,0.01
15,1.7,22242.00563,0.01
15,1.68,21473.53119,0.01
15,1.66,20681.48134,0.01
15,1.64,19978.11985,0.01
15,1.62,19207.64879,0.01
15,1.6,18411.35742,0.01
15,1.58,17620.41109,0.01
15,1.56,16865.32196,0.01
15,1.54,15987.26343,0.01
15,1.52,15158.18107,0.01
15,1.5,14354.44582,0.01
15,1.48,13516.45205,0.01
15,1.46,12717.92901,0.01
15,1.44,11809.50078,0.01
15,1.42,10957.17498,0.01
15,1.4,10068.47682,0.01
15,1.38,9159.565236,0.01
15,1.36,8261.76565,0.01
15,1.34,7542.43912,0.01
15,1.32,6500.771065,0.01
15,1.3,5338.216229,0.01
15,1.28,4192.023888,0.01
15,1.26,2919.897226,0.01
15,1.24,1295.616742,0.01
16,1,0,0.05
16,1.02,2561.865965,0.05
16,1.04,5087.442296,0.05
16,1.06,7218.419164,0.05
16,1.08,9725.024484,0.05
16,1.1,11878.8363,0.05
16,1.12,13644.58363,0.05
16,1.14,15569.21537,0.05
16,1.16,17707.26187,0.05
16,1.18,19792.27512,0.05
16,1.2,21309.18631,0.05
16,1.22,22716.38625,0.05
16,1.24,24151.03817,0.05
16,1.26,25344.81621,0.05
16,1.28,26385.49033,0.05
16,1.3,27356.88472,0.05
16,1.32,28452.43281,0.05
16,1.34,29513.92291,0.05
16,1.36,30271.8518,0.05
16,1.38,31143.38463,0.05
16,1.4,31892.71194,0.05
16,1.42,32591.41861,0.05
16,1.44,33346.09853,0.05
16,1.46,34040.61397,0.05
16,1.48,34621.82365,0.05
16,1.5,35287.99274,0.05
16,1.52,35980.41624,0.05
16,1.54,36330.06075,0.05
16,1.56,37042.42522,0.05
16,1.58,37580.18941,0.05
16,1.6,37925.73248,0.05
16,1.62,38647.58843,0.05
16,1.64,38916.91117,0.05
16,1.66,39502.44021,0.05
16,1.68,40117.67293,0.05
16,1.7,40525.28683,0.05
16,1.72,41003.73687,0.05
16,1.74,41298.54743,0.05
16,1.76,41937.59668,0.05
16,1.78,42261.03643,0.05
16,1.8,42701.40616,0.05
16,1.82,43147.8202,0.05
16,1.84,43582.36689,0.05
16,1.86,44052.60829,0.05
16,1.88,44335.38165,0.05
16,1.9,44930.63898,0.05
16,1.92,45182.98905,0.05
16,1.94,45655.85533,0.05
16,1.96,46198.46328,0.05
16,1.98,46345.01654,0.05
16,2,46877.83462,0.05
16,2.02,47156.17251,0.05
16,2.04,47564.41447,0.05
16,2.06,47851.40617,0.05
16,2.08,48243.55365,0.05
16,2.1,48462.88972,0.05
16,2.12,48865.98454,0.05
16,2.14,49183.15086,0.05
16,2.16,49405.02633,0.05
16,2.18,49831.02635,0.05
16,2.2,50104.47417,0.05
16,2.22,50411.35794,0.05
16,2.24,50571.61941,0.05
16,2.26,51058.94477,0.05
16,2.28,51211.60296,0.05
16,2.3,51559.48758,0.05
16,2.32,51843.99737,0.05
16,2.34,52085.09935,0.05
16,2.36,52430.54253,0.05
16,2.38,52592.79882,0.05
16,2.4,53053.41425,0.05
16,2.42,53316.84414,0.05
16,2.44,53696.96975,0.05
16,2.46,54146.56534,0.05
16,2.48,54663.6838,0.05
16,2.46,52304.67165,0.05
16,2.44,51333.09964,0.05
16,2.42,49974.80598,0.05
16,2.4,49242.07284,0.05
16,2.38,48144.65826,0.05
16,2.36,47379.10401,0.05
16,2.34,46659.76797,0.05
16,2.32,45468.44737,0.05
16,2.3,44378.83832,0.05
16,2.28,43509.05831,0.05
16,2.26,42641.4385,0.05
16,2.24,41764.79831,0.05
16,2.22,40809.81356,0.05
16,2.2,40055.61716,0.05
16,2.18,39084.25471,0.05
16,2.16,38234.69272,0.05
16,2.14,37686.52853,0.05
16,2.12,36789.1417,0.05
16,2.1,35876.05105,0.05
16,2.08,35100.01046,0.05
16,2.06,34418.38695,0.05
16,2.04,33677.81123,0.05
16,2.02,32789.2353,0.05
16,2,31946.05169,0.05
16,1.98,31183.23378,0.05
16,1.96,30384.86754,0.05
16,1.94,29721.00052,0.05
16,1.92,28843.1852,0.05
16,1.9,27966.88678,0.05
16,1.88,27240.56597,0.05
16,1.86,26529.03502,0.05
16,1.84,25682.3726,0.05
16,1.82,24961.30945,0.05
16,1.8,24069.9651,0.05
16,1.78,23194.06343,0.05
16,1.76,22334.79229,0.05
16,1.74,21541.36695,0.05
16,1.72,20813.88646,0.05
16,1.7,19890.17311,0.05
16,1.68,19115.638,0.05
16,1.66,18271.16807,0.05
16,1.64,17467.47781,0.05
16,1.62,16350.07213,0.05
16,1.6,15435.40937,0.05
16,1.58,14644.94405,0.05
16,1.56,13722.83642,0.05
16,1.54,12706.81401,0.05
16,1.52,11825.68463,0.05
16,1.5,10772.56881,0.05
16,1.48,9760.719693,0.05
16,1.46,8719.408382,0.05
16,1.44,7687.352311,0.05
16,1.42,6648.80211,0.05
16,1.4,5610.764072,0.05
16,1.38,4513.289647,0.05
16,1.36,3358.841342,0.05
16,1.34,2386.919617,0.05
16,1.32,1279.775636,0.05
17,1,0,0.03
17,1.02,2560.219752,0.03
17,1.04,5071.41552,0.03
17,1.06,7153.95475,0.03
17,1.08,9100.328501,0.03
17,1.1,11195.16541,0.03
17,1.12,12601.24806,0.03
17,1.14,14212.54473,0.03
17,1.16,15593.39903,0.03
17,1.18,17280.28644,0.03
17,1.2,18571.36862,0.03
17,1.22,19869.98511,0.03
17,1.24,20948.84706,0.03
17,1.26,22092.2503,0.03
17,1.28,23211.3894,0.03
17,1.3,24157.77083,0.03
17,1.32,24955.19261,0.03
17,1.34,25921.97687,0.03
17,1.36,26806.57969,0.03
17,1.38,27483.76457,0.03
17,1.4,28263.74083,0.03
17,1.42,29031.58283,0.03
17,1.44,29648.02734,0.03
17,1.46,30295.09288,0.03
17,1.48,30942.13584,0.03
17,1.5,31414.21145,0.03
17,1.52,32085.98142,0.03
17,1.54,32532.24151,0.03
17,1.56,33151.46286,0.03
17,1.58,33673.41794,0.03
17,1.6,34070.73376,0.03
17,1.62,34698.80036,0.03
17,1.64,35126.48344,0.03
17,1.66,35600.61652,0.03
17,1.68,36024.71748,0.03
17,1.7,36486.17239,0.03
17,1.72,36955.25989,0.03
17,1.74,37342.69972,0.03
17,1.76,37834.20835,0.03
17,1.78,38083.56878,0.03
17,1.8,38579.01647,0.03
17,1.82,39041.03053,0.03
17,1.84,39311.28898,0.03
17,1.86,39875.66536,0.03
17,1.88,40178.936,0.03
17,1.9,40656.19713,0.03
17,1.92,40929.33359,0.03
17,1.94,41306.54916,0.03
17,1.96,41698.13511,0.03
17,1.98,41937.08667,0.03
17,2,42454.69652,0.03
17,2.02,42618.57875,0.03
17,2.04,43090.94177,0.03
17,2.06,43300.99038,0.03
17,2.08,43720.2401,0.03
17,2.1,43933.8801,0.03
17,2.12,44297.11029,0.03
17,2.14,44569.64625,0.03
17,2.16,44799.25755,0.03
17,2.18,45127.75902,0.03
17,2.2,45366.4926,0.03
17,2.22,45660.45878,0.03
17,2.24,45946.28972,0.03
17,2.26,46157.56122,0.03
17,2.28,46389.39329,0.03
17,2.3,46727.06744,0.03
17,2.32,46871.55037,0.03
17,2.34,47029.2135,0.03
17,2.36,47475.76744,0.03
17,2.38,47871.06754,0.03
17,2.4,48030.33395,0.03
17,2.42,48293.82665,0.03
17,2.44,48747.7911,0.03
17,2.46,48932.0323,0.03
17,2.48,49390.45771,0.03
17,2.46,48580.8451,0.03
17,2.44,47533.55421,0.03
17,2.42,46629.56,0.03
17,2.4,45686.29722,0.03
17,2.38,44671.83968,0.03
17,2.36,43941.32118,0.03
17,2.34,43161.35366,0.03
17,2.32,42209.08306,0.03
17,2.3,41388.38469,0.03
17,2.28,40624.01146,0.03
17,2.26,39735.94205,0.03
17,2.24,39016.26105,0.03
17,2.22,38326.59679,0.03
17,2.2,37424.72676,0.03
17,2.18,36680.33786,0.03
17,2.16,36048.79808,0.03
17,2.14,35218.25175,0.03
17,2.12,34437.99372,0.03
17,2.1,33837.84107,0.03
17,2.08,33041.36722,0.03
17,2.06,32232.35838,0.03
17,2.04,31668.73259,0.03
17,2.02,30843.83146,0.03
17,2,30152.82495,0.03
17,1.98,29468.32844,0.03
17,1.96,28782.71626,0.03
17,1.94,28032.04352,0.03
17,1.92,27430.07924,0.03
17,1.9,26922.7282,0.03
17,1.88,26344.28427,0.03
17,1.86,25471.7256,0.03
17,1.84,24445.84567,0.03
17,1.82,23844.57345,0.03
17,1.8,23497.21881,0.03
17,1.78,22668.84915,0.03
17,1.76,21975.58226,0.03
17,1.74,21030.14614,0.03
17,1.72,20211.83911,0.03
17,1.7,19535.39655,0.03
17,1.68,18680.19736,0.03
17,1.66,17970.86514,0.03
17,1.64,17158.50595,0.03
17,1.62,16321.99477,0.03
17,1.6,15425.84436,0.03
17,1.58,14574.80693,0.03
17,1.56,13629.83211,0.03
17,1.54,12689.79471,0.03
17,1.52,11825.3593,0.03
17,1.5,10772.22435,0.03
17,1.48,9755.66061,0.03
17,1.46,8694.813302,0.03
17,1.44,7700.141482,0.03
17,1.42,6775.47439,0.03
17,1.4,5619.409984,0.03
17,1.38,4513.298154,0.03
17,1.36,3358.84196,0.03
17,1.34,2386.919661,0.03
17,1.32,1279.77564,0.03
18,1,0,0.01
18,1.02,2560.219752,0.01
18,1.04,4026.648329,0.01
18,1.06,5811.008966,0.01
18,1.08,7661.157482,0.01
18,1.1,9274.288549,0.01
18,1.12,10621.91953,0.01
18,1.14,11845.86725,0.01
18,1.16,13059.0481,0.01
18,1.18,14274.12166,0.01
18,1.2,15458.19823,0.01
18,1.22,16565.61499,0.01
18,1.24,17567.45782,0.01
18,1.26,18537.78839,0.01
18,1.28,19452.24377,0.01
18,1.3,20293.31476,0.01
18,1.32,21113.98508,0.01
18,1.34,21881.49392,0.01
18,1.36,22599.71313,0.01
18,1.38,23267.7563,0.01
18,1.4,23947.1763,0.01
18,1.42,24574.93466,0.01
18,1.44,25178.29169,0.01
18,1.46,25733.63442,0.01
18,1.48,26231.63528,0.01
18,1.5,26716.06398,0.01
18,1.52,27230.86396,0.01
18,1.54,27720.69608,0.01
18,1.56,28162.59185,0.01
18,1.58,28589.90885,0.01
18,1.6,29042.79455,0.01
18,1.62,29476.74224,0.01
18,1.64,29876.04297,0.01
18,1.66,30266.63377,0.01
18,1.68,30653.67708,0.01
18,1.7,31037.09126,0.01
18,1.72,31401.69599,0.01
18,1.74,31755.7335,0.01
18,1.76,32114.00458,0.01
18,1.78,32449.34048,0.01
18,1.8,32794.17482,0.01
18,1.82,33117.09667,0.01
18,1.84,33452.94471,0.01
18,1.86,33786.44026,0.01
18,1.88,34111.02786,0.01
18,1.9,34431.36703,0.01
18,1.92,34748.1916,0.01
18,1.94,35053.51812,0.01
18,1.96,35366.16101,0.01
18,1.98,35675.55734,0.01
18,2,35974.43649,0.01
18,2.02,36274.28755,0.01
18,2.04,36570.33108,0.01
18,2.06,36847.54271,0.01
18,2.08,37097.20742,0.01
18,2.1,37319.72305,0.01
18,2.12,37544.07255,0.01
18,2.14,37876.91081,0.01
18,2.16,38305.51518,0.01
18,2.18,38611.062,0.01
18,2.2,38860.54672,0.01
18,2.22,39052.09724,0.01
18,2.24,39243.38194,0.01
18,2.26,39556.47049,0.01
18,2.28,39887.89119,0.01
18,2.3,40137.00288,0.01
18,2.32,40390.65032,0.01
18,2.34,40662.19827,0.01
18,2.36,40937.97484,0.01
18,2.38,41224.26517,0.01
18,2.4,41494.52081,0.01
18,2.42,41719.55339,0.01
18,2.44,41936.10456,0.01
18,2.46,42222.16901,0.01
18,2.48,42508.23346,0.01
18,2.46,41129.51735,0.01
18,2.44,40310.97505,0.01
18,2.42,39474.06057,0.01
18,2.4,38797.71829,0.01
18,2.38,38001.68466,0.01
18,2.36,37239.19497,0.01
18,2.34,36564.17544,0.01
18,2.32,35837.51972,0.01
18,2.3,35127.56988,0.01
18,2.28,34525.80835,0.01
18,2.26,33784.38531,0.01
18,2.24,33150.92579,0.01
18,2.22,32547.43241,0.01
18,2.2,31837.93502,0.01
18,2.18,31188.12856,0.01
18,2.16,30515.0443,0.01
18,2.14,29953.19312,0.01
18,2.12,29361.25718,0.01
18,2.1,28770.16756,0.01
18,2.08,28067.44496,0.01
18,2.06,27439.32891,0.01
18,2.04,26828.15668,0.01
18,2.02,26270.58085,0.01
18,2,25761.89665,0.01
18,1.98,25095.97309,0.01
18,1.96,24459.38976,0.01
18,1.94,23834.54409,0.01
18,1.92,23172.4227,0.01
18,1.9,22683.21912,0.01
18,1.88,22044.02553,0.01
18,1.86,21564.59302,0.01
18,1.84,20907.19065,0.01
18,1.82,20228.50499,0.01
18,1.8,19647.17093,0.01
18,1.78,19033.04555,0.01
18,1.76,18401.9752,0.01
18,1.74,17777.80459,0.01
18,1.72,17087.96071,0.01
18,1.7,16434.00306,0.01
18,1.68,15831.09832,0.01
18,1.66,15119.71561,0.01
18,1.64,14423.70036,0.01
18,1.62,13795.57031,0.01
18,1.6,13014.08867,0.01
18,1.58,12393.41008,0.01
18,1.56,11746.19884,0.01
18,1.54,10838.74529,0.01
18,1.52,10146.70972,0.01
18,1.5,9473.168291,0.01
18,1.48,8919.043176,0.01
18,1.46,8404.166105,0.01
18,1.44,7598.700618,0.01
18,1.42,6593.574821,0.01
18,1.4,5600.360521,0.01
18,1.38,4518.427961,0.01
18,1.36,3375.065285,0.01
18,1.34,2387.516178,0.01
18,1.32,1279.817338,0.01
19,1,0,0.05
19,1.03,7534.760254,0.05
19,1.06,12171.76023,0.05
19,1.09,16016.90677,0.05
19,1.12,19622.92576,0.05
19,1.15,22506.11547,0.05
19,1.18,25262.56972,0.05
19,1.21,27682.46695,0.05
19,1.24,29731.78063,0.05
19,1.27,31592.0797,0.05
19,1.3,33181.56789,0.05
19,1.33,34779.76424,0.05
19,1.36,36470.25678,0.05
19,1.39,37757.73097,0.05
19,1.42,39001.53652,0.05
19,1.45,39969.84691,0.05
19,1.48,41144.17174,0.05
19,1.51,42232.64037,0.05
19,1.54,43137.49043,0.05
19,1.57,44020.74888,0.05
19,1.6,45090.46758,0.05
19,1.63,45983.77697,0.05
19,1.66,46731.5929,0.05
19,1.69,47495.83912,0.05
19,1.72,48264.11954,0.05
19,1.75,49118.13025,0.05
19,1.78,49686.53207,0.05
19,1.81,50436.63437,0.05
19,1.84,51062.57452,0.05
19,1.87,51718.0851,0.05
19,1.9,52435.92316,0.05
19,1.93,52903.33259,0.05
19,1.96,53390.53219,0.05
19,1.99,53989.80095,0.05
19,2.02,54366.45229,0.05
19,2.05,55052.80791,0.05
19,2.08,55617.73774,0.05
19,2.11,55957.45846,0.05
19,2.14,56439.45609,0.05
19,2.17,56803.59527,0.05
19,2.2,57364.90085,0.05
19,2.23,57886.39976,0.05
19,2.26,58192.28198,0.05
19,2.29,58841.32354,0.05
19,2.32,59117.09796,0.05
19,2.35,59665.58149,0.05
19,2.38,60219.23536,0.05
19,2.41,60675.32975,0.05
19,2.44,61231.1173,0.05
19,2.47,61755.90058,0.05
19,2.5,62247.08021,0.05
19,2.53,62746.32285,0.05
19,2.56,63085.61776,0.05
19,2.59,63559.59913,0.05
19,2.62,64127.03056,0.05
19,2.65,64461.75808,0.05
19,2.68,65120.79149,0.05
19,2.71,65397.6206,0.05
19,2.74,65710.36661,0.05
19,2.77,66210.90292,0.05
19,2.8,66684.51627,0.05
19,2.83,67183.59315,0.05
19,2.86,67512.90208,0.05
19,2.89,67812.64644,0.05
19,2.92,68540.6927,0.05
19,2.95,68997.62126,0.05
19,2.98,69509.18081,0.05
19,2.95,66447.08178,0.05
19,2.92,64603.5618,0.05
19,2.89,63287.39802,0.05
19,2.86,61804.34939,0.05
19,2.83,60407.40738,0.05
19,2.8,59006.61524,0.05
19,2.77,57529.10529,0.05
19,2.74,56368.50671,0.05
19,2.71,55114.92391,0.05
19,2.68,54014.67057,0.05
19,2.65,52430.29263,0.05
19,2.62,51088.83304,0.05
19,2.59,49882.32131,0.05
19,2.56,48811.07185,0.05
19,2.53,47930.09684,0.05
19,2.5,46729.65106,0.05
19,2.47,45930.52842,0.05
19,2.44,44945.94572,0.05
19,2.41,44017.79522,0.05
19,2.38,42632.89523,0.05
19,2.35,41520.16504,0.05
19,2.32,40592.99943,0.05
19,2.29,39478.12853,0.05
19,2.26,38523.43137,0.05
19,2.23,37490.95447,0.05
19,2.2,36441.26895,0.05
19,2.17,35330.10137,0.05
19,2.14,34122.76371,0.05
19,2.11,33163.74445,0.05
19,2.08,32159.20388,0.05
19,2.05,31074.0373,0.05
19,2.02,29974.32008,0.05
19,1.99,28898.42939,0.05
19,1.96,27915.14252,0.05
19,1.93,26688.46603,0.05
19,1.9,25569.13918,0.05
19,1.87,24387.01587,0.05
19,1.84,23239.73923,0.05
19,1.81,22044.51034,0.05
19,1.78,20822.87219,0.05
19,1.75,19485.01051,0.05
19,1.72,18278.64684,0.05
19,1.69,17007.84767,0.05
19,1.66,15683.38499,0.05
19,1.63,14308.28906,0.05
19,1.6,12758.65427,0.05
19,1.57,10981.48649,0.05
19,1.54,9675.208766,0.05
19,1.51,8262.106719,0.05
19,1.48,6664.010599,0.05
19,1.45,5152.148771,0.05
19,1.42,3650.849409,0.05
19,1.39,1894.100739,0.05
20,1,0,0.01
20,1.03,3917.530606,0.01
20,1.06,6369.08197,0.01
20,1.09,9162.180906,0.01
20,1.12,11677.2064,0.01
20,1.15,13915.27485,0.01
20,1.18,15949.55528,0.01
20,1.21,17720.07558,0.01
20,1.24,19409.91229,0.01
20,1.27,20927.67644,0.01
20,1.3,22272.12659,0.01
20,1.33,23602.44862,0.01
20,1.36,24791.01797,0.01
20,1.39,25700.14158,0.01
20,1.42,26853.32572,0.01
20,1.45,27821.96684,0.01
20,1.48,28618.86275,0.01
20,1.51,29466.60449,0.01
20,1.54,30260.2205,0.01
20,1.57,30971.22454,0.01
20,1.6,31685.70047,0.01
20,1.63,32434.48792,0.01
20,1.66,33060.81798,0.01
20,1.69,33652.13537,0.01
20,1.72,34348.4354,0.01
20,1.75,34971.19687,0.01
20,1.78,35580.83903,0.01
20,1.81,36274.91619,0.01
20,1.84,36742.3046,0.01
20,1.87,37391.52374,0.01
20,1.9,37935.56434,0.01
20,1.93,38454.63929,0.01
20,1.96,38946.37494,0.01
20,1.99,39426.46308,0.01
20,2.02,39884.96078,0.01
20,2.05,40408.71025,0.01
20,2.08,40829.38121,0.01
20,2.11,41304.82249,0.01
20,2.14,41805.5756,0.01
20,2.17,42169.20357,0.01
20,2.2,42620.07825,0.01
20,2.23,43002.44174,0.01
20,2.26,43388.65076,0.01
20,2.29,43808.74846,0.01
20,2.32,44164.76052,0.01
20,2.35,44568.61222,0.01
20,2.38,44814.8804,0.01
20,2.41,45065.86087,0.01
20,2.44,45363.2101,0.01
20,2.47,46054.75493,0.01
20,2.5,46578.05889,0.01
20,2.53,46884.60384,0.01
20,2.56,47219.33344,0.01
20,2.59,47637.28881,0.01
20,2.62,47994.70084,0.01
20,2.65,48506.80406,0.01
20,2.68,48888.80041,0.01
20,2.71,49245.43368,0.01
20,2.74,49682.27151,0.01
20,2.77,50131.2273,0.01
20,2.8,50622.58263,0.01
20,2.83,50962.915,0.01
20,2.86,51344.94189,0.01
20,2.89,51802.98423,0.01
20,2.92,52142.55956,0.01
20,2.95,52437.04132,0.01
20,2.98,52825.62788,0.01
20,2.95,52180.75676,0.01
20,2.92,50594.07262,0.01
20,2.89,49648.87761,0.01
20,2.86,48405.59331,0.01
20,2.83,47521.96312,0.01
20,2.8,46503.80939,0.01
20,2.77,45375.29606,0.01
20,2.74,44490.65157,0.01
20,2.71,43671.35632,0.01
20,2.68,42641.36531,0.01
20,2.65,41809.618,0.01
20,2.62,41052.58873,0.01
20,2.59,39997.51755,0.01
20,2.56,39125.24467,0.01
20,2.53,38392.84789,0.01
20,2.5,37557.64465,0.01
20,2.47,36638.25138,0.01
20,2.44,35816.88183,0.01
20,2.41,35032.84576,0.01
20,2.38,34125.73056,0.01
20,2.35,33346.67137,0.01
20,2.32,32603.57688,0.01
20,2.29,31727.81069,0.01
20,2.26,30945.18959,0.01
20,2.23,30217.9219,0.01
20,2.2,29394.83356,0.01
20,2.17,28558.47611,0.01
20,2.14,27776.48152,0.01
20,2.11,26980.11486,0.01
20,2.08,26128.14485,0.01
20,2.05,25371.79904,0.01
20,2.02,24489.58655,0.01
20,1.99,23588.71706,0.01
20,1.96,22682.60616,0.01
20,1.93,21914.76716,0.01
20,1.9,20890.4228,0.01
20,1.87,20031.67029,0.01
20,1.84,19237.16438,0.01
20,1.81,18076.26271,0.01
20,1.78,17143.74089,0.01
20,1.75,16174.67319,0.01
20,1.72,15203.70646,0.01
20,1.69,14634.01537,0.01
20,1.66,13671.70783,0.01
20,1.63,12032.41352,0.01
20,1.6,11087.87635,0.01
20,1.57,9870.661096,0.01
20,1.54,8921.795134,0.01
20,1.51,8034.371107,0.01
20,1.48,6432.879494,0.01
20,1.45,5099.250263,0.01
20,1.42,3647.873447,0.01
20,1.39,1893.907813,0.01
